id,title,description,link,image_link,availability,price,brand,condition,google_product_category,product_type
1,"Omega 3, 6, 9",Omega 3-6-9 de Natural Be apoya el bienestar cardiovascular y cerebral dentro de un estilo de vida saludable.,https://naturalbe.com.co/producto/omega-3-6-9.html,https://naturalbe.com.co/static/img/omega-369.webp,in stock,25000.00 COP,Natural Be,new,Health & Beauty > Health Care > Vitamins & Supplements > Omega Fatty Acids,omega
2,Xero FT,Xero FT de Natural Be apoya la energia y el enfoque durante el dia dentro de una rutina saludable.,https://naturalbe.com.co/producto/xero-ft.html,https://naturalbe.com.co/static/img/xero-ft.webp,in stock,35000.00 COP,Natural Be,new,Health & Beauty > Health Care > Vitamins & Supplements,energia
3,Cloruro de Magnesio,Cloruro de Magnesio de Natural Be apoya el balance nutricional y el bienestar diario.,https://naturalbe.com.co/producto/cloruro-de-magnesio.html,https://naturalbe.com.co/static/img/magnesio-cloruro.webp,in stock,35000.00 COP,Natural Be,new,Health & Beauty > Health Care > Vitamins & Supplements > Vitamins,vitaminas
4,Citrato de Magnesio,Citrato de Magnesio de Natural Be apoya el balance nutricional y el bienestar diario.,https://naturalbe.com.co/producto/citrato-de-magnesio.html,https://naturalbe.com.co/static/img/citrato-magnesio.webp,in stock,35000.00 COP,Natural Be,new,Health & Beauty > Health Care > Vitamins & Supplements > Vitamins,vitaminas
5,Citrato de Potasio,Citrato de Potasio de Natural Be apoya el balance nutricional y el bienestar diario.,https://naturalbe.com.co/producto/citrato-de-potasio.html,https://naturalbe.com.co/static/img/citrato-potasio.webp,in stock,35000.00 COP,Natural Be,new,Health & Beauty > Health Care > Vitamins & Supplements > Vitamins,vitaminas
6,Omega-3 1000 mg,Omega-3 1000 mg de Natural Be apoya el bienestar cardiovascular y cerebral.,https://naturalbe.com.co/producto/omega-3-1000mg.html,https://naturalbe.com.co/static/img/omega-3-1000mg.webp,in stock,40000.00 COP,Natural Be,new,Health & Beauty > Health Care > Vitamins & Supplements > Omega Fatty Acids,omega
7,Colágeno y Biotina Gomas,"Gomas de Colageno y Biotina Natural Be apoyan piel, cabello, unas y articulaciones.",https://naturalbe.com.co/producto/colageno-biotina-gomas.html,https://naturalbe.com.co/static/img/funat/colageno-biotina.webp,in stock,40000.00 COP,Natural Be,new,Health & Beauty > Health Care > Vitamins & Supplements,colageno
8,Colágeno Hidrolizado Líquido,"Colageno Hidrolizado Liquido de Natural Be apoya piel, cabello y articulaciones.",https://naturalbe.com.co/producto/colageno-hidrolizado-liquido.html,https://naturalbe.com.co/static/img/colageno-hidrolizado-1000ml.webp,in stock,40000.00 COP,Natural Be,new,Health & Beauty > Health Care > Vitamins & Supplements,colageno
9,Resveratrol,Resveratrol de Natural Be apoya la proteccion antioxidante y el bienestar celular.,https://naturalbe.com.co/producto/resveratrol.html,https://naturalbe.com.co/static/img/natural-be/resveratrol.webp,in stock,40000.00 COP,Natural Be,new,Health & Beauty > Health Care > Vitamins & Supplements,antioxidantes
10,Toro,Toro de Natural Be apoya la energia y el enfoque durante el dia.,https://naturalbe.com.co/producto/toro.html,https://naturalbe.com.co/static/img/toro.webp,in stock,40000.00 COP,Natural Be,new,Health & Beauty > Health Care > Vitamins & Supplements,energia
11,Kings,Kings de Natural Be apoya la resistencia y el rendimiento diario.,https://naturalbe.com.co/producto/kings.html,https://naturalbe.com.co/static/img/kings.webp,in stock,40000.00 COP,Natural Be,new,Health & Beauty > Health Care > Vitamins & Supplements,energia
12,Caltrate Vitamina D,Caltrate Vitamina D de Natural Be apoya el mantenimiento de huesos y movilidad.,https://naturalbe.com.co/producto/caltrate-vitamina-d.html,https://naturalbe.com.co/static/img/natural-be/caltrate.webp,in stock,45000.00 COP,Natural Be,new,Health & Beauty > Health Care > Vitamins & Supplements > Calcium,huesos
13,Vitamina E Procaps,Vitamina E Procaps de Natural Be. Apoya la protección antioxidante y el bienestar celular.,https://naturalbe.com.co/producto/vitamina-e-procaps.html,https://naturalbe.com.co/static/img/procaps/vitamina-e-procaps.webp,in stock,45000.00 COP,Natural Be,new,Health & Beauty > Health Care > Vitamins & Supplements,antioxidantes
14,Dolcal con Magnesio,Dolcal con Magnesio de Natural Be. Apoya el mantenimiento de huesos y movilidad.,https://naturalbe.com.co/producto/dolcal-magnesio.html,https://naturalbe.com.co/static/img/dolcal-magnesio.webp,in stock,45000.00 COP,Natural Be,new,Health & Beauty > Health Care > Vitamins & Supplements > Calcium,huesos
16,Batido Verde,Batido Verde de Natural Be. Apoya el balance nutricional y el bienestar diario.,https://naturalbe.com.co/producto/batido-verde.html,https://naturalbe.com.co/static/img/batido-verde.webp,in stock,30000.00 COP,Natural Be,new,Health & Beauty > Health Care > Vitamins & Supplements > Vitamins,vitaminas
17,Minoxidil,Minoxidil de Natural Be. Apoya el cuidado del cabello y la piel.,https://naturalbe.com.co/producto/minoxidil.html,https://naturalbe.com.co/static/img/natural-be/minoxidil.webp,in stock,30000.00 COP,Natural Be,new,Health & Beauty > Health Care > Vitamins & Supplements,cabello
18,Vinagre de Manzana,Vinagre de Manzana de Natural Be. Apoya una digestión ligera y cómoda.,https://naturalbe.com.co/producto/vinagre-manzana.html,https://naturalbe.com.co/static/img/vinagre-manzana.webp,in stock,20000.00 COP,Natural Be,new,Health & Beauty > Health Care > Vitamins & Supplements,digestivos
19,Vinagre de Alcachofa,Vinagre de Alcachofa de Natural Be. Apoya una digestión ligera y cómoda.,https://naturalbe.com.co/producto/vinagre-alcachofa.html,https://naturalbe.com.co/static/img/vinagre-alcachofa.webp,in stock,25000.00 COP,Natural Be,new,Health & Beauty > Health Care > Vitamins & Supplements,digestivos
20,Omega-3,Omega-3 de Natural Be. Apoya el bienestar cardiovascular y la claridad mental.,https://naturalbe.com.co/producto/omega-3-1200mg.html,https://naturalbe.com.co/static/img/natural-be/omega-3-1200mg.webp,in stock,70000.00 COP,Natural Be,new,Health & Beauty > Health Care > Vitamins & Supplements > Omega Fatty Acids,omega
21,Aceite de Hígado de Bacalao,Aceite de Hígado de Bacalao de Natural Be. Apoya el bienestar cardiovascular y la claridad mental.,https://naturalbe.com.co/producto/aceite-higado-bacalao.html,https://naturalbe.com.co/static/img/aceite-higado-bacalao.webp,in stock,70000.00 COP,Natural Be,new,Health & Beauty > Health Care > Vitamins & Supplements > Omega Fatty Acids,omega
513,Biocalcium D MK Polvo Efervescente x 30 sobres,Biocalcium D MK Polvo Efervescente x 30 sobres de TQ. Apoya el balance nutricional y el bienestar diario.,https://naturalbe.com.co/producto/biocalcium-d-mk-sobres-30.html,https://naturalbe.com.co/static/img/biocalcium-d-mk-sobres-30.webp,in stock,55000.00 COP,TQ,new,Health & Beauty > Health Care > Vitamins & Supplements > Calcium,vitaminas > calcio-vitamina-d
517,Complejo B MK x 250 tabletas,Complejo B MK x 250 tabletas de TQ. Apoya el balance nutricional y el bienestar diario.,https://naturalbe.com.co/producto/complejo-b-mk-250-tabletas.html,https://naturalbe.com.co/static/img/complejo-b-mk-250-tabletas.webp,in stock,76000.00 COP,TQ,new,Health & Beauty > Health Care > Vitamins & Supplements > Vitamins,vitaminas > complejo-b
601,B-100 Complex Healthy America x 50 tabletas,B-100 Complex Healthy America x 50 tabletas de Healthy America. Apoya el bienestar general.,https://naturalbe.com.co/producto/b-100-complex-healthy-america-50-tabletas.html,https://naturalbe.com.co/static/img/b-100-complex-healthy-america-50-tabletas.webp,in stock,80000.00 COP,Healthy America,new,Health & Beauty > Health Care > Vitamins & Supplements > Vitamins,suplementos > complejo-b
602,B-50 Complex Healthy America x 60 softgels,B-50 Complex Healthy America x 60 softgels de Healthy America. Ideal para el cuidado diario de la piel.,https://naturalbe.com.co/producto/b-50-complex-healthy-america-60-softgels.html,https://naturalbe.com.co/static/img/b-50-complex-healthy-america-60-softgels.webp,in stock,50000.00 COP,Healthy America,new,Health & Beauty > Health Care > Vitamins & Supplements > Vitamins,suplementos > complejo-b
603,B-Complex with B12 Healthy America x 30 tabletas,B-Complex with B12 Healthy America x 30 tabletas de Healthy America. Apoya el bienestar general.,https://naturalbe.com.co/producto/b-complex-b12-healthy-america-30-tabletas.html,https://naturalbe.com.co/static/img/b-complex-b12-healthy-america-30-tabletas.webp,in stock,40000.00 COP,Healthy America,new,Health & Beauty > Health Care > Vitamins & Supplements > Vitamins,suplementos > complejo-b
604,Vitamin C 1000 mg + Zinc Healthy America x 100 tabletas,Vitamin C 1000 mg + Zinc Healthy America x 100 tabletas de Healthy America. Apoya el bienestar general.,https://naturalbe.com.co/producto/vitamin-c-1000mg-zinc-healthy-america-100-tabletas.html,https://naturalbe.com.co/static/img/vitamin-c-1000mg-zinc-healthy-america-100-tabletas.webp,in stock,60000.00 COP,Healthy America,new,Health & Beauty > Health Care > Vitamins & Supplements > Vitamins,suplementos > vitamina-c
605,Vitamin C 500 mg + Rose Hips + Zinc Healthy America x 60 softgels,Vitamin C 500 mg + Rose Hips + Zinc Healthy America x 60 softgels de Healthy America. Ideal para el cuidado diario de la piel.,https://naturalbe.com.co/producto/vitamin-c-500mg-rose-hips-zinc-healthy-america-60-softgels.html,https://naturalbe.com.co/static/img/vitamin-c-500mg-rose-hips-zinc-healthy-america-60-softgels.webp,in stock,40000.00 COP,Healthy America,new,Health & Beauty > Health Care > Vitamins & Supplements > Vitamins,suplementos > vitamina-c
606,Vitamin C 500 mg + Rose Hips Healthy America x 100 softgels,Vitamin C 500 mg + Rose Hips Healthy America x 100 softgels de Healthy America. Ideal para el cuidado diario de la piel.,https://naturalbe.com.co/producto/vitamin-c-500mg-rose-hips-healthy-america-100-softgels.html,https://naturalbe.com.co/static/img/vitamin-c-500mg-rose-hips-healthy-america-100-softgels.webp,in stock,55000.00 COP,Healthy America,new,Health & Beauty > Health Care > Vitamins & Supplements > Vitamins,suplementos > vitamina-c
607,Vitamin D3 2000 IU Healthy America x 100 softgels,Vitamin D3 2000 IU Healthy America x 100 softgels de Healthy America. Ideal para el cuidado diario de la piel.,https://naturalbe.com.co/producto/vitamin-d3-2000iu-healthy-america-100-softgels.html,https://naturalbe.com.co/static/img/vitamin-d3-2000iu-healthy-america-100-softgels.webp,in stock,40000.00 COP,Healthy America,new,Health & Beauty > Health Care > Vitamins & Supplements > Vitamins,suplementos > vitamina-d
608,Vitamin E 1000 IU + Selenium Healthy America x 100 softgels,Vitamin E 1000 IU + Selenium Healthy America x 100 softgels de Healthy America. Ideal para el cuidado diario de la piel.,https://naturalbe.com.co/producto/vitamin-e-1000iu-selenium-healthy-america-100-softgels.html,https://naturalbe.com.co/static/img/vitamin-e-1000iu-selenium-healthy-america-100-softgels.webp,in stock,110000.00 COP,Healthy America,new,Health & Beauty > Health Care > Vitamins & Supplements > Vitamins,suplementos > vitamina-e
609,Vitamin E 1000 IU + Selenium Healthy America x 50 softgels,Vitamin E 1000 IU + Selenium Healthy America x 50 softgels de Healthy America. Ideal para el cuidado diario de la piel.,https://naturalbe.com.co/producto/vitamin-e-1000iu-selenium-healthy-america-50-softgels.html,https://naturalbe.com.co/static/img/vitamin-e-1000iu-selenium-healthy-america-50-softgels.webp,in stock,70000.00 COP,Healthy America,new,Health & Beauty > Health Care > Vitamins & Supplements > Vitamins,suplementos > vitamina-e
610,Vitamin E 400 IU + Selenium Healthy America x 100 softgels,Vitamin E 400 IU + Selenium Healthy America x 100 softgels de Healthy America. Ideal para el cuidado diario de la piel.,https://naturalbe.com.co/producto/vitamin-e-400iu-selenium-healthy-america-100-softgels.html,https://naturalbe.com.co/static/img/vitamin-e-400iu-selenium-healthy-america-100-softgels.webp,in stock,55000.00 COP,Healthy America,new,Health & Beauty > Health Care > Vitamins & Supplements > Vitamins,suplementos > vitamina-e
611,Chromium Picolinate 200 mcg - 30 softgels,Chromium Picolinate 200 mcg - 30 softgels de Natural Be. Apoya el balance nutricional y el bienestar diario.,https://naturalbe.com.co/producto/chromium-picolinate-200mcg-30softgels.html,https://naturalbe.com.co/static/img/chromium-picolinate-200mcg-30softgels.webp,in stock,16800.00 COP,Natural Be,new,Health & Beauty > Health Care > Vitamins & Supplements > Vitamins,vitaminas
612,Potassium 99 mg - 30 tablets,Potassium 99 mg - 30 tablets de Natural Be. Apoya el balance nutricional y el bienestar diario.,https://naturalbe.com.co/producto/potassium-99mg-30tablets.html,https://naturalbe.com.co/static/img/potassium-99mg-30tablets.webp,in stock,42959.00 COP,Natural Be,new,Health & Beauty > Health Care > Vitamins & Supplements > Vitamins,vitaminas
613,Magnesium Oxide 400 mg - 30 caplets,Magnesium Oxide 400 mg - 30 caplets de Natural Be. Apoya el balance nutricional y el bienestar diario.,https://naturalbe.com.co/producto/magnesium-oxide-400mg-30caplets.html,https://naturalbe.com.co/static/img/magnesium-oxide-400mg-30caplets.webp,in stock,47957.00 COP,Natural Be,new,Health & Beauty > Health Care > Vitamins & Supplements > Vitamins,vitaminas
614,Chromium Picolinate 200 mcg - 100 softgels,Chromium Picolinate 200 mcg - 100 softgels de Natural Be. Apoya el balance nutricional y el bienestar diario.,https://naturalbe.com.co/producto/chromium-picolinate-200mcg-100softgels.html,https://naturalbe.com.co/static/img/chromium-picolinate-200mcg-100softgels.webp,in stock,42000.00 COP,Natural Be,new,Health & Beauty > Health Care > Vitamins & Supplements > Vitamins,vitaminas
615,Magnesium Oxide 400 mg - 100 tablets,Magnesium Oxide 400 mg - 100 tablets de Natural Be. Apoya el balance nutricional y el bienestar diario.,https://naturalbe.com.co/producto/magnesium-oxide-400mg-100tablets.html,https://naturalbe.com.co/static/img/magnesium-oxide-400mg-100tablets.webp,in stock,48000.00 COP,Natural Be,new,Health & Beauty > Health Care > Vitamins & Supplements > Vitamins,vitaminas
616,GTF Chromium 500 mcg - 100 softgels,GTF Chromium 500 mcg - 100 softgels de Natural Be. Apoya el balance nutricional y el bienestar diario.,https://naturalbe.com.co/producto/gtf-chromium-500mcg-100softgels.html,https://naturalbe.com.co/static/img/gtf-chromium-500mcg-100softgels.webp,in stock,50000.00 COP,Natural Be,new,Health & Beauty > Health Care > Vitamins & Supplements > Vitamins,vitaminas
617,Cal-Mag-Zinc Plus VD3 - 90 softgels,Cal-Mag-Zinc Plus VD3 - 90 softgels de Natural Be. Apoya el balance nutricional y el bienestar diario.,https://naturalbe.com.co/producto/cal-mag-zinc-plus-d3-90softgels.html,https://naturalbe.com.co/static/img/cal-mag-zinc-plus-d3-90softgels.webp,in stock,60000.00 COP,Natural Be,new,Health & Beauty > Health Care > Vitamins & Supplements > Vitamins,vitaminas
618,Potassium 99 mg Vitamins & Minerals - 60 softgels,Potassium 99 mg Vitamins & Minerals - 60 softgels de Natural Be. Apoya el balance nutricional y el bienestar diario.,https://naturalbe.com.co/producto/potassium-99mg-vitamins-minerals-60softgels.html,https://naturalbe.com.co/static/img/potassium-99mg-vitamins-minerals-60softgels.webp,in stock,48000.00 COP,Natural Be,new,Health & Beauty > Health Care > Vitamins & Supplements > Vitamins,vitaminas
619,Cal-Citrate Complete - 120 tablets,Cal-Citrate Complete - 120 tablets de Natural Be. Apoya el balance nutricional y el bienestar diario.,https://naturalbe.com.co/producto/cal-citrate-complete-120tablets.html,https://naturalbe.com.co/static/img/cal-citrate-complete-120tablets.webp,in stock,65000.00 COP,Natural Be,new,Health & Beauty > Health Care > Vitamins & Supplements > Vitamins,vitaminas
620,Potassium Gluconate 99 mg - 100 tablets,Potassium Gluconate 99 mg - 100 tablets de Natural Be. Apoya el balance nutricional y el bienestar diario.,https://naturalbe.com.co/producto/potassium-gluconate-99mg-100tablets.html,https://naturalbe.com.co/static/img/potassium-gluconate-99mg-100tablets.webp,in stock,47000.00 COP,Natural Be,new,Health & Beauty > Health Care > Vitamins & Supplements > Vitamins,vitaminas
621,Garlic Oil 1500 mg (100 softgels),Garlic Oil 1500 mg (100 softgels) de Natural Be. Ideal para el cuidado diario de la piel.,https://naturalbe.com.co/producto/standard-garlic-oil-1500mg-100s.html,https://naturalbe.com.co/static/img/standard-garlic-oil-1500mg-100s.webp,in stock,31000.00 COP,Natural Be,new,Health & Beauty > Health Care > Vitamins & Supplements,suplementos
622,Ginkgo Biloba 80 mg (90 softgels),Ginkgo Biloba 80 mg (90 softgels) de Natural Be. Ideal para el cuidado diario de la piel.,https://naturalbe.com.co/producto/ginkgo-biloba-80mg-90softgels.html,https://naturalbe.com.co/static/img/ginkgo-biloba-80mg-90softgels.webp,in stock,63000.00 COP,Natural Be,new,Health & Beauty > Health Care > Vitamins & Supplements,suplementos
623,L-Tryptophan Plus 100 mg (60 cápsulas),L-Tryptophan Plus 100 mg (60 cápsulas) de Natural Be. Apoya el bienestar general.,https://naturalbe.com.co/producto/l-tryptophan-plus-60caps.html,https://naturalbe.com.co/static/img/l-tryptophan-plus-60caps.webp,in stock,70001.00 COP,Natural Be,new,Health & Beauty > Health Care > Vitamins & Supplements,suplementos
624,Milk Thistle 300 mg (90 softgels),Milk Thistle 300 mg (90 softgels) de Natural Be. Ideal para el cuidado diario de la piel.,https://naturalbe.com.co/producto/milk-thistle-300mg-90softgels.html,https://naturalbe.com.co/static/img/milk-thistle-300mg-90softgels.webp,in stock,75000.00 COP,Natural Be,new,Health & Beauty > Health Care > Vitamins & Supplements,suplementos
625,Omega 3 Fish Oil 1200 mg (100 softgels),Omega 3 Fish Oil 1200 mg (100 softgels) de Natural Be. Ideal para el cuidado diario de la piel.,https://naturalbe.com.co/producto/omega3-fish-oil-1200mg-100softgels.html,https://naturalbe.com.co/static/img/omega3-fish-oil-1200mg-100softgels.webp,in stock,65000.00 COP,Natural Be,new,Health & Beauty > Health Care > Vitamins & Supplements,suplementos
626,Cistixin (60 softgels),Cistixin (60 softgels) de Natural Be. Ideal para el cuidado diario de la piel.,https://naturalbe.com.co/producto/cistixin-60softgels.html,https://naturalbe.com.co/static/img/cistixin-60softgels.webp,in stock,51999.00 COP,Natural Be,new,Health & Beauty > Health Care > Vitamins & Supplements,suplementos
627,Mega Cranberry 850 mg + Vit C y E (60 softgels),Mega Cranberry 850 mg + Vit C y E (60 softgels) de Natural Be. Ideal para el cuidado diario de la piel.,https://naturalbe.com.co/producto/mega-cranberry-850mg-60softgels.html,https://naturalbe.com.co/static/img/mega-cranberry-850mg-60softgels.webp,in stock,75000.00 COP,Natural Be,new,Health & Beauty > Health Care > Vitamins & Supplements,suplementos
628,Echinacea Purpurea 250 mg (100 cápsulas),Echinacea Purpurea 250 mg (100 cápsulas) de Natural Be. Apoya el bienestar general.,https://naturalbe.com.co/producto/echinacea-purpurea-250mg-100caps.html,https://naturalbe.com.co/static/img/echinacea-purpurea-250mg-100caps.webp,in stock,54999.00 COP,Natural Be,new,Health & Beauty > Health Care > Vitamins & Supplements,suplementos
629,Chlorophyll 100 mg (100 softgels),Chlorophyll 100 mg (100 softgels) de Natural Be. Ideal para el cuidado diario de la piel.,https://naturalbe.com.co/producto/chlorophyll-100mg-100softgels.html,https://naturalbe.com.co/static/img/chlorophyll-100mg-100softgels.webp,in stock,62000.00 COP,Natural Be,new,Health & Beauty > Health Care > Vitamins & Supplements,suplementos
630,Fish Oil Omega-3 1200 mg (60 softgels),Fish Oil Omega-3 1200 mg (60 softgels) de Natural Be. Ideal para el cuidado diario de la piel.,https://naturalbe.com.co/producto/fish-oil-omega3-1200mg-60softgels.html,https://naturalbe.com.co/static/img/fish-oil-omega3-1200mg-60softgels.webp,in stock,47000.00 COP,Natural Be,new,Health & Beauty > Health Care > Vitamins & Supplements,suplementos
631,Aloe Vera x 60 softgels,Aloe Vera x 60 softgels de Millenium Natural Systems. Apoya el balance nutricional y el bienestar diario.,https://naturalbe.com.co/producto/aloe-vera-60-softgels.html,https://naturalbe.com.co/static/img/aloe-vera-60-softgels.webp,in stock,37095.00 COP,Millenium Natural Systems,new,Health & Beauty > Health Care > Vitamins & Supplements > Vitamins,vitaminas
632,Antioxiplus Minerals x 60 softgels,Antioxiplus Minerals x 60 softgels de Millenium Natural Systems. Apoya el balance nutricional y el bienestar diario.,https://naturalbe.com.co/producto/antioxiplus-minerals-60-softgels.html,https://naturalbe.com.co/static/img/antioxiplus-minerals-60-softgels.webp,in stock,57239.00 COP,Millenium Natural Systems,new,Health & Beauty > Health Care > Vitamins & Supplements > Vitamins,vitaminas
633,Balanced B Super Complex x 100 softgels,Balanced B Super Complex x 100 softgels de Millenium Natural Systems. Apoya el balance nutricional y el bienestar diario.,https://naturalbe.com.co/producto/balanced-b-super-complex-100-softgels.html,https://naturalbe.com.co/static/img/balanced-b-super-complex-100-softgels.webp,in stock,41174.00 COP,Millenium Natural Systems,new,Health & Beauty > Health Care > Vitamins & Supplements > Vitamins,vitaminas
634,BCAA 750 mg x 120 softgels,BCAA 750 mg x 120 softgels de Millenium Natural Systems. Apoya el balance nutricional y el bienestar diario.,https://naturalbe.com.co/producto/bcaa-750mg-120-softgels.html,https://naturalbe.com.co/static/img/bcaa-750mg-120-softgels.webp,in stock,83538.00 COP,Millenium Natural Systems,new,Health & Beauty > Health Care > Vitamins & Supplements > Vitamins,vitaminas
635,BE-HA-S&N x 60 softgels,BE-HA-S&N x 60 softgels de Millenium Natural Systems. Apoya el balance nutricional y el bienestar diario.,https://naturalbe.com.co/producto/be-ha-sn-60-softgels.html,https://naturalbe.com.co/static/img/be-ha-sn-60-softgels.webp,in stock,54859.00 COP,Millenium Natural Systems,new,Health & Beauty > Health Care > Vitamins & Supplements > Vitamins,vitaminas
636,Betacaroteno 7500 UI x 100 softgels,Betacaroteno 7500 UI x 100 softgels de Millenium Natural Systems. Apoya el balance nutricional y el bienestar diario.,https://naturalbe.com.co/producto/betacaroteno-7500ui-100-softgels.html,https://naturalbe.com.co/static/img/betacaroteno-7500ui-100-softgels.webp,in stock,46053.00 COP,Millenium Natural Systems,new,Health & Beauty > Health Care > Vitamins & Supplements > Vitamins,vitaminas
637,Biotin 900 mcg x 100 softgels,Biotin 900 mcg x 100 softgels de Millenium Natural Systems. Apoya el balance nutricional y el bienestar diario.,https://naturalbe.com.co/producto/biotin-900mcg-100-softgels.html,https://naturalbe.com.co/static/img/biotin-900mcg-100-softgels.webp,in stock,45101.00 COP,Millenium Natural Systems,new,Health & Beauty > Health Care > Vitamins & Supplements > Vitamins,vitaminas
638,Cal Mag Zinc Plus Vitamin D x 100 softgels,Cal Mag Zinc Plus Vitamin D x 100 softgels de Millenium Natural Systems. Apoya el balance nutricional y el bienestar diario.,https://naturalbe.com.co/producto/cal-mag-zinc-vitamin-d-100-softgels.html,https://naturalbe.com.co/static/img/cal-mag-zinc-vitamin-d-100-softgels.webp,in stock,53550.00 COP,Millenium Natural Systems,new,Health & Beauty > Health Care > Vitamins & Supplements > Vitamins,vitaminas
639,Cal Mag Zinc Plus Vitamin D x 60 softgels,Cal Mag Zinc Plus Vitamin D x 60 softgels de Millenium Natural Systems. Apoya el balance nutricional y el bienestar diario.,https://naturalbe.com.co/producto/cal-mag-zinc-vitamin-d-60-softgels.html,https://naturalbe.com.co/static/img/cal-mag-zinc-vitamin-d-60-softgels.webp,in stock,36057.00 COP,Millenium Natural Systems,new,Health & Beauty > Health Care > Vitamins & Supplements > Vitamins,vitaminas
640,Calcium 600 + Vitamin D x 100 softgels,Calcium 600 + Vitamin D x 100 softgels de Millenium Natural Systems. Apoya el balance nutricional y el bienestar diario.,https://naturalbe.com.co/producto/calcium-600-vitamin-d-100-softgels.html,https://naturalbe.com.co/static/img/calcium-600-vitamin-d-100-softgels.webp,in stock,45458.00 COP,Millenium Natural Systems,new,Health & Beauty > Health Care > Vitamins & Supplements > Vitamins,vitaminas
641,Calcium 600 + Vitamin D x 60 softgels,Calcium 600 + Vitamin D x 60 softgels de Millenium Natural Systems. Apoya el balance nutricional y el bienestar diario.,https://naturalbe.com.co/producto/calcium-600-vitamin-d-60-softgels.html,https://naturalbe.com.co/static/img/calcium-600-vitamin-d-60-softgels.webp,in stock,36176.00 COP,Millenium Natural Systems,new,Health & Beauty > Health Care > Vitamins & Supplements > Vitamins,vitaminas
642,Cáscara Sagrada 500 mg x 100 softgels,Cáscara Sagrada 500 mg x 100 softgels de Millenium Natural Systems. Apoya el balance nutricional y el bienestar diario.,https://naturalbe.com.co/producto/cascara-sagrada-500mg-100-softgels.html,https://naturalbe.com.co/static/img/cascara-sagrada-500mg-100-softgels.webp,in stock,51800.00 COP,Millenium Natural Systems,new,Health & Beauty > Health Care > Vitamins & Supplements > Vitamins,vitaminas
643,Cáscara Sagrada 500 mg x 60 softgels,Cáscara Sagrada 500 mg x 60 softgels de Millenium Natural Systems. Apoya el balance nutricional y el bienestar diario.,https://naturalbe.com.co/producto/cascara-sagrada-500mg-60-softgels.html,https://naturalbe.com.co/static/img/cascara-sagrada-500mg-60-softgels.webp,in stock,33957.00 COP,Millenium Natural Systems,new,Health & Beauty > Health Care > Vitamins & Supplements > Vitamins,vitaminas
644,Castaño de Indias 500 mg x 100 Cápsulas,Castaño de Indias 500 mg x 100 Cápsulas de Millenium Natural Systems. Apoya el balance nutricional y el bienestar diario.,https://naturalbe.com.co/producto/castano-de-indias-500mg-100-capsulas.html,https://naturalbe.com.co/static/img/castano-de-indias-500mg-100-capsulas.webp,in stock,57400.00 COP,Millenium Natural Systems,new,Health & Beauty > Health Care > Vitamins & Supplements > Vitamins,vitaminas
645,Castaño de Indias 500 mg x 60 Cápsulas,Castaño de Indias 500 mg x 60 Cápsulas de Millenium Natural Systems. Apoya el balance nutricional y el bienestar diario.,https://naturalbe.com.co/producto/castano-de-indias-500mg-60-capsulas.html,https://naturalbe.com.co/static/img/castano-de-indias-500mg-60-capsulas.webp,in stock,43657.00 COP,Millenium Natural Systems,new,Health & Beauty > Health Care > Vitamins & Supplements > Vitamins,vitaminas
646,Centella Asiática 400 mg x 60 Cápsulas,Centella Asiática 400 mg x 60 Cápsulas de Millenium Natural Systems. Apoya el balance nutricional y el bienestar diario.,https://naturalbe.com.co/producto/centella-asiatica-400mg-60-capsulas.html,https://naturalbe.com.co/static/img/centella-asiatica-400mg-60-capsulas.webp,in stock,34100.00 COP,Millenium Natural Systems,new,Health & Beauty > Health Care > Vitamins & Supplements > Vitamins,vitaminas
647,Chlo Green x 100 softgels,Chlo Green x 100 softgels de Millenium Natural Systems. Apoya el balance nutricional y el bienestar diario.,https://naturalbe.com.co/producto/chlo-green-100-softgels.html,https://naturalbe.com.co/static/img/chlo-green-100-softgels.webp,in stock,55573.00 COP,Millenium Natural Systems,new,Health & Beauty > Health Care > Vitamins & Supplements > Vitamins,vitaminas
648,CLA 1000 mg x 90 softgels,CLA 1000 mg x 90 softgels de Millenium Natural Systems. Apoya el balance nutricional y el bienestar diario.,https://naturalbe.com.co/producto/cla-1000mg-90-softgels.html,https://naturalbe.com.co/static/img/cla-1000mg-90-softgels.webp,in stock,69139.00 COP,Millenium Natural Systems,new,Health & Beauty > Health Care > Vitamins & Supplements > Vitamins,vitaminas
649,Coenzyme Q10 200 mg x 30 softgels,Coenzyme Q10 200 mg x 30 softgels de Millenium Natural Systems. Apoya el balance nutricional y el bienestar diario.,https://naturalbe.com.co/producto/coenzyme-q10-200mg-30-softgels.html,https://naturalbe.com.co/static/img/coenzyme-q10-200mg-30-softgels.webp,in stock,70091.00 COP,Millenium Natural Systems,new,Health & Beauty > Health Care > Vitamins & Supplements > Vitamins,vitaminas
650,Collagen Plus Vitamin C x 100 softgels,Collagen Plus Vitamin C x 100 softgels de Millenium Natural Systems. Apoya el balance nutricional y el bienestar diario.,https://naturalbe.com.co/producto/collagen-plus-vitamin-c-100-softgels.html,https://naturalbe.com.co/static/img/collagen-plus-vitamin-c-100-softgels.webp,in stock,70329.00 COP,Millenium Natural Systems,new,Health & Beauty > Health Care > Vitamins & Supplements > Vitamins,vitaminas
651,Collagen Plus Vitamin C x 60 softgels,Collagen Plus Vitamin C x 60 softgels de Millenium Natural Systems. Apoya el balance nutricional y el bienestar diario.,https://naturalbe.com.co/producto/collagen-plus-vitamin-c-60-softgels.html,https://naturalbe.com.co/static/img/collagen-plus-vitamin-c-60-softgels.webp,in stock,45696.00 COP,Millenium Natural Systems,new,Health & Beauty > Health Care > Vitamins & Supplements > Vitamins,vitaminas
652,Colostrum 1000 mg x 90 softgels,Colostrum 1000 mg x 90 softgels de Millenium Natural Systems. Apoya el balance nutricional y el bienestar diario.,https://naturalbe.com.co/producto/colostrum-1000mg-90-softgels.html,https://naturalbe.com.co/static/img/colostrum-1000mg-90-softgels.webp,in stock,84252.00 COP,Millenium Natural Systems,new,Health & Beauty > Health Care > Vitamins & Supplements > Vitamins,vitaminas
653,Garcinia 1000 mg x 100 softgels,Garcinia 1000 mg x 100 softgels de Millenium Natural Systems. Apoya el balance nutricional y el bienestar diario.,https://naturalbe.com.co/producto/garcinia-1000mg-100-softgels.html,https://naturalbe.com.co/static/img/garcinia-1000mg-100-softgels.webp,in stock,71995.00 COP,Millenium Natural Systems,new,Health & Beauty > Health Care > Vitamins & Supplements > Vitamins,vitaminas
654,Coral Calcium 1000 mg + Vitamin D x 60 softgels,Coral Calcium 1000 mg + Vitamin D x 60 softgels de Millenium Natural Systems. Apoya el equilibrio de minerales y el bienestar diario.,https://naturalbe.com.co/producto/coral-calcium-1000mg-vitamin-d-60-softgels.html,https://naturalbe.com.co/static/img/coral-calcium-1000mg-vitamin-d-60-softgels.webp,in stock,42126.00 COP,Millenium Natural Systems,new,Health & Beauty > Health Care > Vitamins & Supplements > Minerals,minerales
655,Cranberry Fruit Powder 140 mg x 100 softgels,Cranberry Fruit Powder 140 mg x 100 softgels de Millenium Natural Systems. Apoya el balance nutricional y el bienestar diario.,https://naturalbe.com.co/producto/cranberry-fruit-powder-140mg-100-softgels.html,https://naturalbe.com.co/static/img/cranberry-fruit-powder-140mg-100-softgels.webp,in stock,77826.00 COP,Millenium Natural Systems,new,Health & Beauty > Health Care > Vitamins & Supplements > Vitamins,vitaminas
656,Cranberry Fruit Powder 140 mg x 60 softgels,Cranberry Fruit Powder 140 mg x 60 softgels de Millenium Natural Systems. Apoya el balance nutricional y el bienestar diario.,https://naturalbe.com.co/producto/cranberry-fruit-powder-140mg-60-softgels.html,https://naturalbe.com.co/static/img/cranberry-fruit-powder-140mg-60-softgels.webp,in stock,57120.00 COP,Millenium Natural Systems,new,Health & Beauty > Health Care > Vitamins & Supplements > Vitamins,vitaminas
657,Flexbon x 60 softgels,Flexbon x 60 softgels de Millenium Natural Systems. Apoya el balance nutricional y el bienestar diario.,https://naturalbe.com.co/producto/flexbon-60-softgels.html,https://naturalbe.com.co/static/img/flexbon-60-softgels.webp,in stock,43673.00 COP,Millenium Natural Systems,new,Health & Beauty > Health Care > Vitamins & Supplements > Vitamins,vitaminas
658,Folic x 100 softgels,Folic x 100 softgels de Millenium Natural Systems. Apoya el balance nutricional y el bienestar diario.,https://naturalbe.com.co/producto/folic-100-softgels.html,https://naturalbe.com.co/static/img/folic-100-softgels.webp,in stock,37247.00 COP,Millenium Natural Systems,new,Health & Beauty > Health Care > Vitamins & Supplements > Vitamins,vitaminas
659,Garlic 1500 mg x 100 softgels,Garlic 1500 mg x 100 softgels de Millenium Natural Systems. Apoya el balance nutricional y el bienestar diario.,https://naturalbe.com.co/producto/garlic-1500mg-100-softgels.html,https://naturalbe.com.co/static/img/garlic-1500mg-100-softgels.webp,in stock,26700.00 COP,Millenium Natural Systems,new,Health & Beauty > Health Care > Vitamins & Supplements > Vitamins,vitaminas
660,Ginkgo Biloba 120 mg x 100 softgels,Ginkgo Biloba 120 mg x 100 softgels de Millenium Natural Systems. Apoya el balance nutricional y el bienestar diario.,https://naturalbe.com.co/producto/ginkgo-biloba-120mg-100-softgels.html,https://naturalbe.com.co/static/img/ginkgo-biloba-120mg-100-softgels.webp,in stock,57387.00 COP,Millenium Natural Systems,new,Health & Beauty > Health Care > Vitamins & Supplements > Vitamins,vitaminas
661,Green Coffee Plus L Carnitine x 60 softgels,Green Coffee Plus L Carnitine x 60 softgels de Millennium Natural Systems. Apoya el balance nutricional y el bienestar diario.,https://naturalbe.com.co/producto/green-coffee-plus-l-carnitine-60-softgels.html,https://naturalbe.com.co/static/img/millennium-natural-systems/green-coffee-plus-l-carnitine-60-softgels.webp,in stock,69496.00 COP,Millennium Natural Systems,new,Health & Beauty > Health Care > Vitamins & Supplements > Vitamins,vitaminas
662,Korean Ginseng 820 mg x 100 softgels,Korean Ginseng 820 mg x 100 softgels de Millennium Natural Systems. Apoya el balance nutricional y el bienestar diario.,https://naturalbe.com.co/producto/korean-ginseng-820mg-100-softgels.html,https://naturalbe.com.co/static/img/millennium-natural-systems/korean-ginseng-820mg-100-softgels.webp,in stock,66700.00 COP,Millennium Natural Systems,new,Health & Beauty > Health Care > Vitamins & Supplements > Vitamins,vitaminas
663,Korean Ginseng 820 mg x 60 softgels,Korean Ginseng 820 mg x 60 softgels de Millennium Natural Systems. Apoya el balance nutricional y el bienestar diario.,https://naturalbe.com.co/producto/korean-ginseng-820mg-60-softgels.html,https://naturalbe.com.co/static/img/millennium-natural-systems/korean-ginseng-820mg-60-softgels.webp,in stock,50100.00 COP,Millennium Natural Systems,new,Health & Beauty > Health Care > Vitamins & Supplements > Vitamins,vitaminas
664,Krill Oil 1000 mg x 30 softgels,Krill Oil 1000 mg x 30 softgels de Millennium Natural Systems. Apoya el bienestar cardiovascular y la claridad mental.,https://naturalbe.com.co/producto/krill-oil-1000mg-30-softgels.html,https://naturalbe.com.co/static/img/millennium-natural-systems/krill-oil-1000mg-30-softgels.webp,in stock,70091.00 COP,Millennium Natural Systems,new,Health & Beauty > Health Care > Vitamins & Supplements > Omega Fatty Acids,omega
665,Krill Oil 1000 mg x 60 softgels,Krill Oil 1000 mg x 60 softgels de Millennium Natural Systems. Apoya el bienestar cardiovascular y la claridad mental.,https://naturalbe.com.co/producto/krill-oil-1000mg-60-softgels.html,https://naturalbe.com.co/static/img/millennium-natural-systems/krill-oil-1000mg-60-softgels.webp,in stock,115668.00 COP,Millennium Natural Systems,new,Health & Beauty > Health Care > Vitamins & Supplements > Omega Fatty Acids,omega
666,L-Arginina 1000 mg x 100 softgels,L-Arginina 1000 mg x 100 softgels de Millennium Natural Systems. Apoya el balance nutricional y el bienestar diario.,https://naturalbe.com.co/producto/l-arginina-1000mg-100-softgels.html,https://naturalbe.com.co/static/img/millennium-natural-systems/l-arginina-1000mg-100-softgels.webp,in stock,75208.00 COP,Millennium Natural Systems,new,Health & Beauty > Health Care > Vitamins & Supplements > Vitamins,vitaminas
667,L-Arginina 1000 mg x 60 softgels,L-Arginina 1000 mg x 60 softgels de Millennium Natural Systems. Apoya el balance nutricional y el bienestar diario.,https://naturalbe.com.co/producto/l-arginina-1000mg-60-softgels.html,https://naturalbe.com.co/static/img/millennium-natural-systems/l-arginina-1000mg-60-softgels.webp,in stock,55811.00 COP,Millennium Natural Systems,new,Health & Beauty > Health Care > Vitamins & Supplements > Vitamins,vitaminas
668,L-Carnitine 800 mg x 100 softgels,L-Carnitine 800 mg x 100 softgels de Millennium Natural Systems. Apoya el balance nutricional y el bienestar diario.,https://naturalbe.com.co/producto/l-carnitine-800mg-100-softgels.html,https://naturalbe.com.co/static/img/millennium-natural-systems/l-carnitine-800mg-100-softgels.webp,in stock,81277.00 COP,Millennium Natural Systems,new,Health & Beauty > Health Care > Vitamins & Supplements > Vitamins,vitaminas
669,L-Glutamina 1000 mg x 60 softgels,L-Glutamina 1000 mg x 60 softgels de Millennium Natural Systems. Apoya el balance nutricional y el bienestar diario.,https://naturalbe.com.co/producto/l-glutamina-1000mg-60-softgels.html,https://naturalbe.com.co/static/img/millennium-natural-systems/l-glutamina-1000mg-60-softgels.webp,in stock,56644.00 COP,Millennium Natural Systems,new,Health & Beauty > Health Care > Vitamins & Supplements > Vitamins,vitaminas
670,L-Glutathione plus Vitamin C x 90 Cápsulas,L-Glutathione plus Vitamin C x 90 Cápsulas de Millennium Natural Systems. Apoya el balance nutricional y el bienestar diario.,https://naturalbe.com.co/producto/l-glutathione-plus-vitamin-c-90-capsulas.html,https://naturalbe.com.co/static/img/millennium-natural-systems/l-glutathione-plus-vitamin-c-90-capsulas.webp,in stock,109242.00 COP,Millennium Natural Systems,new,Health & Beauty > Health Care > Vitamins & Supplements > Vitamins,vitaminas
671,Colágeno Essential Hidrolizado Sabor Vainilla x 750 g,"Mezcla en polvo con colágeno hidrolizado, proteína y vitamina C, sin azúcar añadida.",https://naturalbe.com.co/producto/colageno-essential-hidrolizado-vainilla-750g.html,https://naturalbe.com.co/static/img/essentialvitamins/colageno-essential-hidrolizado-vainilla-750g.png,in stock,105000.00 COP,Essential Vitamins,new,Health & Beauty > Health Care > Vitamins & Supplements,colageno
672,BeSure Nutrición Especializada Sabor Fresa,"Mezcla nutricional en polvo sabor fresa, sin azúcar añadida.",https://naturalbe.com.co/producto/besure-nutricion-especializada-fresa.html,https://naturalbe.com.co/static/img/essentialvitamins/besure-nutricion-especializada-fresa.png,in stock,105000.00 COP,Essential Vitamins,new,Health & Beauty > Health Care > Vitamins & Supplements,suplementos
673,Colágeno Marino Vitamins Sabor Vainilla x 750 g,"Mezcla en polvo con colágeno marino y vitaminas, sin azúcar añadida.",https://naturalbe.com.co/producto/colageno-marino-vitamins-vainilla-750g.html,https://naturalbe.com.co/static/img/essentialvitamins/colageno-marino-vitamins-vainilla-750g.png,in stock,110000.00 COP,Essential Vitamins,new,Health & Beauty > Health Care > Vitamins & Supplements,colageno
674,Calcio Essential con Magnesio y Fósforo Sabor Vainilla,"Mezcla en polvo con calcio, magnesio y fósforo, sin azúcar añadida.",https://naturalbe.com.co/producto/calcio-essential-magnesio-fosforo-vainilla.html,https://naturalbe.com.co/static/img/essentialvitamins/calcio-essential-magnesio-fosforo-vainilla.png,in stock,105000.00 COP,Essential Vitamins,new,Health & Beauty > Health Care > Vitamins & Supplements > Minerals,minerales
675,Calostro Vitamins en Polvo Sabor Vainilla x 750 g,"Mezcla en polvo con calostro bovino y vitaminas, sin azúcar añadida.",https://naturalbe.com.co/producto/calostro-vitamins-polvo-vainilla-750g.html,https://naturalbe.com.co/static/img/essentialvitamins/calostro-vitamins-polvo-vainilla-750g.png,in stock,105000.00 COP,Essential Vitamins,new,Health & Beauty > Health Care > Vitamins & Supplements,suplementos
676,Organic Matcha Ceremonial Grade x 120 g,"Té matcha orgánico en polvo, grado ceremonial.",https://naturalbe.com.co/producto/organic-matcha-ceremonial-grade-120g.html,https://naturalbe.com.co/static/img/essentialvitamins/organic-matcha-ceremonial-grade-120g.png,in stock,105000.00 COP,Essential Vitamins,new,Health & Beauty > Health Care > Vitamins & Supplements,suplementos
677,Citrato de Magnesio MgPro en Polvo,Alimento en polvo a base de citrato de magnesio.,https://naturalbe.com.co/producto/citrato-magnesio-mgpro-polvo.html,https://naturalbe.com.co/static/img/essentialvitamins/citrato-magnesio-mgpro-polvo.png,in stock,85000.00 COP,Essential Vitamins,new,Health & Beauty > Health Care > Vitamins & Supplements > Minerals,minerales
678,Omega 3-6-9 Essential Vitamins 1000 mg – 100 Cápsulas,"Suplemento nutricional con Omega 3, 6 y 9 que apoya una alimentación balanceada y el bienestar diario.",https://naturalbe.com.co/producto/omega-3-6-9-essential-vitamins-1000mg.html,https://naturalbe.com.co/static/img/essentialvitamins/omega-3-6-9-essential-vitamins-1000mg.png,in stock,70000.00 COP,Essential Vitamins,new,Health & Beauty > Health Care > Vitamins & Supplements > Omega Fatty Acids,omega
679,Colágeno Marino Essential Vitamins 600 mg – 100 Cápsulas,Colágeno marino en cápsulas para complementar tu rutina diaria de nutrición.,https://naturalbe.com.co/producto/colageno-marino-essential-vitamins-600mg.html,https://naturalbe.com.co/static/img/essentialvitamins/colageno-marino-essential-vitamins-600mg.png,in stock,75000.00 COP,Essential Vitamins,new,Health & Beauty > Health Care > Vitamins & Supplements,colageno
680,Calcio con Magnesio y Fósforo Essential Vitamins – Sabor Fresa,Mezcla nutricional con minerales esenciales para complementar la dieta diaria.,https://naturalbe.com.co/producto/calcio-magnesio-fosforo-essential-vitamins.html,https://naturalbe.com.co/static/img/essentialvitamins/calcio-magnesio-fosforo-essential-vitamins.png,in stock,105000.00 COP,Essential Vitamins,new,Health & Beauty > Health Care > Vitamins & Supplements > Minerals,minerales
681,Biotina Essential Vitamins 9000 mcg – 100 Cápsulas,Suplemento de biotina para complementar la nutrición diaria.,https://naturalbe.com.co/producto/biotina-essential-vitamins-9000mcg.html,https://naturalbe.com.co/static/img/essentialvitamins/biotina-essential-vitamins-9000mcg.png,in stock,60000.00 COP,Essential Vitamins,new,Health & Beauty > Health Care > Vitamins & Supplements > Vitamins,vitaminas
682,Citrato de Magnesio Essential Vitamins – 500 mg,Magnesio en cápsulas para complementar una dieta equilibrada.,https://naturalbe.com.co/producto/citrato-magnesio-essential-vitamins.html,https://naturalbe.com.co/static/img/essentialvitamins/citrato-magnesio-essential-vitamins.png,in stock,65000.00 COP,Essential Vitamins,new,Health & Beauty > Health Care > Vitamins & Supplements > Minerals,minerales
683,"Complejo B Essential Vitamins – B1, B2, B6 y B12",Complejo de vitaminas B para complementar la nutrición diaria.,https://naturalbe.com.co/producto/b-complex-essential-vitamins.html,https://naturalbe.com.co/static/img/essentialvitamins/b-complex-essential-vitamins.png,in stock,75000.00 COP,Essential Vitamins,new,Health & Beauty > Health Care > Vitamins & Supplements > Vitamins,vitaminas
684,DUOVIT Vitamina D3 + K2 x 100 Softgels (Healthy America),Vitamina D3 + K2 en softgels para complementar tu rutina de bienestar diario.,https://naturalbe.com.co/producto/duovit-vitamina-d3-k2-100-softgels-healthy-america.html,https://naturalbe.com.co/static/img/healthy-america/duovit-vitamina-d3-k2-100-softgels-healthy-america.jpg,in stock,83000.00 COP,Healthy America,new,Health & Beauty > Health Care > Vitamins & Supplements > Vitamins,vitaminas
685,Vitamina D3 2.000 IU x 100 Softgels (Absorb D3) – Healthy America,Vitamina D3 2.000 IU en cápsulas blandas para uso diario como suplemento dietario.,https://naturalbe.com.co/producto/absorb-d3-2000-iu-100-softgels-healthy-america.html,https://naturalbe.com.co/static/img/healthy-america/absorb-d3-2000-iu-100-softgels-healthy-america.jpg,in stock,47999.00 COP,Healthy America,new,Health & Beauty > Health Care > Vitamins & Supplements > Vitamins,vitaminas
686,Vitamina C 1.000 mg + Bioflavonoides Cítricos x 100 Cápsulas – Healthy America,Vitamina C 1000 mg con bioflavonoides cítricos para complementar tu nutrición diaria.,https://naturalbe.com.co/producto/vitamina-c-1000mg-bioflavonoides-100-capsulas-healthy-america.html,https://naturalbe.com.co/static/img/healthy-america/vitamina-c-1000mg-bioflavonoides-100-capsulas-healthy-america.jpg,in stock,68000.00 COP,Healthy America,new,Health & Beauty > Health Care > Vitamins & Supplements > Vitamins,vitaminas
687,Cartílago de Tiburón 750 mg x 100 Cápsulas (Shark Cartilage) – Healthy America,"Suplemento dietario en cápsulas con cartílago de tiburón, práctico para el uso diario.",https://naturalbe.com.co/producto/cartilago-de-tiburon-750mg-100-capsulas-healthy-america.html,https://naturalbe.com.co/static/img/healthy-america/cartilago-de-tiburon-750mg-100-capsulas-healthy-america.jpg,in stock,86000.00 COP,Healthy America,new,Health & Beauty > Health Care > Vitamins & Supplements,suplementos
688,Juvenal Colágeno Hidrolizado + Vitamina C x 100 Cápsulas – Healthy America,Colágeno hidrolizado con vitamina C en cápsulas para complementar tu nutrición diaria.,https://naturalbe.com.co/producto/juvenal-colageno-hidrolizado-vitamina-c-100-capsulas-healthy-america.html,https://naturalbe.com.co/static/img/healthy-america/juvenal-colageno-hidrolizado-vitamina-c-100-capsulas-healthy-america.jpg,in stock,82000.00 COP,Healthy America,new,Health & Beauty > Health Care > Vitamins & Supplements,colageno
689,Ginkgo Biloba 60 mg – 100 Cápsulas (Healthy America),Extracto estandarizado de Ginkgo biloba en cápsulas.,https://naturalbe.com.co/producto/ginkgo-biloba-60mg-100-capsulas.html,https://naturalbe.com.co/static/img/healthyamerica/ginkgo-biloba-60mg-100-capsulas.jpg,in stock,56999.00 COP,Healthy America,new,Health & Beauty > Health Care > Vitamins & Supplements,suplementos
690,Cartílago de Tiburón 750 mg – 100 Cápsulas (Healthy America),Suplemento en cápsulas con cartílago de tiburón para complementar la alimentación.,https://naturalbe.com.co/producto/cartilago-de-tiburon-750mg-100-capsulas.html,https://naturalbe.com.co/static/img/healthyamerica/cartilago-de-tiburon-750mg-100-capsulas.jpg,in stock,86000.00 COP,Healthy America,new,Health & Beauty > Health Care > Vitamins & Supplements,huesos
691,Milk Thistle 300 mg – 60 Softgels (Healthy America),Cardo mariano (milk thistle) en cápsulas blandas.,https://naturalbe.com.co/producto/milk-thistle-300mg-60-softgels.html,https://naturalbe.com.co/static/img/healthyamerica/milk-thistle-300mg-60-softgels.jpg,in stock,62000.00 COP,Healthy America,new,Health & Beauty > Health Care > Vitamins & Supplements,suplementos
692,Spirulina 400 mg – 90 Softgels (Healthy America),Spirulina en cápsulas blandas para complementar una rutina de bienestar.,https://naturalbe.com.co/producto/spirulina-400mg-90-softgels.html,https://naturalbe.com.co/static/img/healthyamerica/spirulina-400mg-90-softgels.jpg,in stock,67000.00 COP,Healthy America,new,Health & Beauty > Health Care > Vitamins & Supplements,suplementos
693,Duovit Vitamina D3 + K2 – 100 Softgels (Healthy America),Vitamina D3 con K2 en cápsulas blandas para complementar tu rutina de bienestar diario.,https://naturalbe.com.co/producto/duovit-vitamina-d3-k2-100-softgels.html,https://naturalbe.com.co/static/img/healthyamerica/duovit-vitamina-d3-k2-100-softgels.jpg,in stock,83000.00 COP,Healthy America,new,Health & Beauty > Health Care > Vitamins & Supplements > Vitamins,vitaminas
694,Lecitina de Soya 1200 mg – 100 Softgels (Healthy America),Lecitina de soya en cápsulas blandas para complementar la alimentación.,https://naturalbe.com.co/producto/lecitina-de-soya-1200mg-100-softgels.html,https://naturalbe.com.co/static/img/healthyamerica/lecitina-de-soya-1200mg-100-softgels.jpg,in stock,53000.00 COP,Healthy America,new,Health & Beauty > Health Care > Vitamins & Supplements,suplementos
695,Omega 3 Fish Oil 1200 mg – 200 Softgels (Healthy America),Omega 3 (fish oil) en cápsulas blandas para complementar la nutrición diaria.,https://naturalbe.com.co/producto/omega-3-fish-oil-1200mg-200-softgels.html,https://naturalbe.com.co/static/img/healthyamerica/omega-3-fish-oil-1200mg-200-softgels.jpg,in stock,129000.00 COP,Healthy America,new,Health & Beauty > Health Care > Vitamins & Supplements > Omega Fatty Acids,omega
696,St. John’s Wort 300 mg – 100 Cápsulas (Healthy America),Producto fitoterapéutico con extracto estandarizado en cápsulas.,https://naturalbe.com.co/producto/st-johns-wort-300mg-100-capsulas.html,https://naturalbe.com.co/static/img/healthyamerica/st-johns-wort-300mg-100-capsulas.jpg,in stock,62999.00 COP,Healthy America,new,Health & Beauty > Health Care > Vitamins & Supplements,suplementos
697,Fibaxil – 120 Cápsulas (Healthy America),Suplemento dietario con fibra para complementar tu rutina de bienestar digestivo.,https://naturalbe.com.co/producto/fibaxil-120-capsulas.html,https://naturalbe.com.co/static/img/healthyamerica/fibaxil-120-capsulas.jpg,in stock,80000.00 COP,Healthy America,new,Health & Beauty > Health Care > Vitamins & Supplements,digestivos
698,Bon Nuit – 100 Cápsulas (Healthy America),Suplemento dietario en cápsulas para acompañar tu rutina nocturna.,https://naturalbe.com.co/producto/bon-nuit-100-capsulas.html,https://naturalbe.com.co/static/img/healthyamerica/bon-nuit-100-capsulas.jpg,in stock,90001.00 COP,Healthy America,new,Health & Beauty > Health Care > Vitamins & Supplements,suplementos
699,Vitamina D3 2000 UI – 100 Softgels (Healthy America),Vitamina D3 en cápsulas blandas para complementar la nutrición diaria.,https://naturalbe.com.co/producto/vitamina-d3-2000ui-100-softgels.html,https://naturalbe.com.co/static/img/healthyamerica/vitamina-d3-2000ui-100-softgels.jpg,in stock,47999.00 COP,Healthy America,new,Health & Beauty > Health Care > Vitamins & Supplements > Vitamins,vitaminas
700,Natsulin – 60 Softgels (Healthy America),Suplemento dietario en cápsulas blandas para complementar hábitos de bienestar.,https://naturalbe.com.co/producto/natsulin-60-softgels.html,https://naturalbe.com.co/static/img/healthyamerica/natsulin-60-softgels.jpg,in stock,93001.00 COP,Healthy America,new,Health & Beauty > Health Care > Vitamins & Supplements,energia
701,Vitamina C 1000 mg con Bioflavonoides – 100 Cápsulas (Healthy America),Vitamina C con complejo de bioflavonoides cítricos para complementar la alimentación.,https://naturalbe.com.co/producto/vitamina-c-1000mg-bioflavonoides-100-capsulas.html,https://naturalbe.com.co/static/img/healthyamerica/vitamina-c-1000mg-bioflavonoides-100-capsulas.jpg,in stock,68000.00 COP,Healthy America,new,Health & Beauty > Health Care > Vitamins & Supplements > Vitamins,vitaminas
702,Colágeno Hidrolizado 1500 mg + Vitamina C – 100 Cápsulas (Juvenal),Colágeno hidrolizado con vitamina C para complementar tu rutina de nutrición diaria.,https://naturalbe.com.co/producto/colageno-hidrolizado-1500mg-vitamina-c-100-capsulas-juvenal.html,https://naturalbe.com.co/static/img/healthyamerica/colageno-hidrolizado-1500mg-vitamina-c-100-capsulas-juvenal.jpg,in stock,82000.00 COP,Healthy America,new,Health & Beauty > Health Care > Vitamins & Supplements,colageno
703,Ganoderma Plus – 60 Cápsulas (Healthy America),"Suplemento dietario en cápsulas, ideal para complementar la rutina de bienestar.",https://naturalbe.com.co/producto/ganoderma-plus-60-capsulas-healthy-america.html,https://naturalbe.com.co/static/img/healthyamerica/ganoderma-plus-60-capsulas-healthy-america.png,in stock,75001.00 COP,Healthy America,new,Health & Beauty > Health Care > Vitamins & Supplements,suplementos
704,Gotu Kola 400 mg – 90 Softgels (Healthy America),Producto fitoterapéutico en softgels para acompañar hábitos saludables.,https://naturalbe.com.co/producto/gotu-kola-400mg-90-softgels-healthy-america.html,https://naturalbe.com.co/static/img/healthyamerica/gotu-kola-400mg-90-softgels-healthy-america.jpg,in stock,72001.00 COP,Healthy America,new,Health & Beauty > Health Care > Vitamins & Supplements,suplementos
705,Infecturin™ Cranberry + Vitamina C & E – 100 Softgels (Healthy America),Suplemento dietario con cranberry y vitaminas en softgels para uso diario.,https://naturalbe.com.co/producto/infecturin-cranberry-vitamina-c-e-100-softgels-healthy-america.html,https://naturalbe.com.co/static/img/healthyamerica/infecturin-cranberry-vitamina-c-e-100-softgels-healthy-america.jpg,in stock,70000.00 COP,Healthy America,new,Health & Beauty > Health Care > Vitamins & Supplements,suplementos
706,Triple Omega 3-6-9 1200 mg – 60 Softgels (Healthy America),Omega 3-6-9 en softgels para complementar la nutrición diaria con ácidos grasos esenciales.,https://naturalbe.com.co/producto/triple-omega-3-6-9-1200mg-60-softgels-healthy-america.html,https://naturalbe.com.co/static/img/healthyamerica/triple-omega-3-6-9-1200mg-60-softgels-healthy-america.jpg,in stock,65000.00 COP,Healthy America,new,Health & Beauty > Health Care > Vitamins & Supplements > Omega Fatty Acids,omega
707,Ginkgo Biloba 60 mg – 60 Softgels (Healthy America),Producto fitoterapéutico en softgels para complementar tu rutina de bienestar.,https://naturalbe.com.co/producto/ginkgo-biloba-60mg-60-softgels-healthy-america.html,https://naturalbe.com.co/static/img/healthyamerica/ginkgo-biloba-60mg-60-softgels-healthy-america.jpg,in stock,44999.00 COP,Healthy America,new,Health & Beauty > Health Care > Vitamins & Supplements,suplementos
708,Whitone con L-Glutathione 500 mg – 30 Cápsulas (Healthy America),"Suplemento dietario con L-Glutathione en cápsulas, práctico para el uso diario.",https://naturalbe.com.co/producto/whitone-l-glutathione-500mg-30-capsulas-healthy-america.html,https://naturalbe.com.co/static/img/healthyamerica/whitone-l-glutathione-500mg-30-capsulas-healthy-america.jpg,in stock,100000.00 COP,Healthy America,new,Health & Beauty > Health Care > Vitamins & Supplements,antioxidantes
709,Alive™ Ginseng + Ginkgo Biloba Complex – 60 Softgels (Healthy America),Producto fitoterapéutico en softgels para acompañar tu rutina diaria.,https://naturalbe.com.co/producto/alive-ginseng-ginkgo-biloba-complex-60-softgels-healthy-america.html,https://naturalbe.com.co/static/img/healthyamerica/alive-ginseng-ginkgo-biloba-complex-60-softgels-healthy-america.jpg,in stock,83000.00 COP,Healthy America,new,Health & Beauty > Health Care > Vitamins & Supplements,suplementos
710,Gotu Kola 400 mg – 30 Softgels (Healthy America),"Producto fitoterapéutico en softgels, práctico para integrar a tu rutina diaria.",https://naturalbe.com.co/producto/gotu-kola-400mg-30-softgels-healthy-america.html,https://naturalbe.com.co/static/img/healthyamerica/gotu-kola-400mg-30-softgels-healthy-america.jpg,in stock,34000.00 COP,Healthy America,new,Health & Beauty > Health Care > Vitamins & Supplements,suplementos
711,AM/PM 30 Fiber 30 Herbs – 30/30 Tabletas (Healthy America),Suplemento dietario en tabletas para complementar hábitos de bienestar digestivo.,https://naturalbe.com.co/producto/am-pm-30-fiber-30-herbs-30-30-tabletas-healthy-america.html,https://naturalbe.com.co/static/img/healthyamerica/am-pm-30-fiber-30-herbs-30-30-tabletas-healthy-america.jpg,in stock,82000.00 COP,Healthy America,new,Health & Beauty > Health Care > Vitamins & Supplements,digestivos
712,Ginseng Complete 420 mg 4:1 – 60 Softgels (Healthy America),Producto fitoterapéutico en softgels para complementar hábitos saludables.,https://naturalbe.com.co/producto/ginseng-complete-420mg-60-softgels-healthy-america.html,https://naturalbe.com.co/static/img/healthyamerica/ginseng-complete-420mg-60-softgels-healthy-america.jpg,in stock,63824.00 COP,Healthy America,new,Health & Beauty > Health Care > Vitamins & Supplements,suplementos
713,Green Tea Extract 320 mg – 60 Softgels (Healthy America),Extracto de té verde en softgels para complementar tu rutina nutricional diaria.,https://naturalbe.com.co/producto/green-tea-extract-320mg-60-softgels-healthy-america.html,https://naturalbe.com.co/static/img/healthyamerica/green-tea-extract-320mg-60-softgels-healthy-america.jpg,in stock,55000.00 COP,Healthy America,new,Health & Beauty > Health Care > Vitamins & Supplements,antioxidantes
714,Wellflex – 60 Caplets (Healthy America),Producto orientado a soporte articular. Uso según indicación profesional cuando aplique.,https://naturalbe.com.co/producto/wellflex-60-caplets-healthy-america.html,https://naturalbe.com.co/static/img/healthyamerica/wellflex-60-caplets-healthy-america.jpg,in stock,95000.00 COP,Healthy America,new,Health & Beauty > Health Care > Vitamins & Supplements,huesos
715,Supreme-E Vitamina E 1000 IU – 50 Softgels (Healthy America),Vitamina E en softgels. Uso según indicación profesional cuando aplique.,https://naturalbe.com.co/producto/supreme-e-1000iu-50-softgels-healthy-america.html,https://naturalbe.com.co/static/img/healthyamerica/supreme-e-1000iu-50-softgels-healthy-america.jpg,in stock,82311.00 COP,Healthy America,new,Health & Beauty > Health Care > Vitamins & Supplements > Vitamins,vitaminas
716,Biotin 900 mcg – 90 Softgels (Healthy America),Biotina en softgels para complementar tu nutrición diaria.,https://naturalbe.com.co/producto/biotin-900mcg-90-softgels-healthy-america.html,https://naturalbe.com.co/static/img/healthyamerica/biotin-900mcg-90-softgels-healthy-america.jpg,in stock,52000.00 COP,Healthy America,new,Health & Beauty > Health Care > Vitamins & Supplements > Vitamins,vitaminas
717,Melatonina 3 mg – 120 Softgels (Healthy America),Melatonina en softgels. Uso según indicación profesional cuando aplique.,https://naturalbe.com.co/producto/melatonina-3mg-120-softgels-healthy-america.html,https://naturalbe.com.co/static/img/healthyamerica/melatonina-3mg-120-softgels-healthy-america.jpg,in stock,55000.00 COP,Healthy America,new,Health & Beauty > Health Care > Vitamins & Supplements,suplementos
718,Cáscara Sagrada 450 mg – 60 Softgels (Healthy America),Producto fitoterapéutico en softgels para integrar a tu rutina de bienestar.,https://naturalbe.com.co/producto/cascara-sagrada-450mg-60-softgels-healthy-america.html,https://naturalbe.com.co/static/img/healthyamerica/cascara-sagrada-450mg-60-softgels-healthy-america.jpg,in stock,58000.00 COP,Healthy America,new,Health & Beauty > Health Care > Vitamins & Supplements,suplementos
719,Wellflex – 120 Caplets (Healthy America),Presentación de 120 caplets. Uso según indicación profesional cuando aplique.,https://naturalbe.com.co/producto/wellflex-120-caplets-healthy-america.html,https://naturalbe.com.co/static/img/healthyamerica/wellflex-120-caplets-healthy-america.jpg,in stock,140000.00 COP,Healthy America,new,Health & Beauty > Health Care > Vitamins & Supplements,huesos
720,Dyroid – 60 Cápsulas (Healthy America),Fórmula en cápsulas para complementar tu ingesta de micronutrientes como parte de tu rutina.,https://naturalbe.com.co/producto/dyroid-60-capsulas-healthy-america.html,https://naturalbe.com.co/static/img/healthyamerica/dyroid-60-capsulas-healthy-america.jpg,in stock,88000.00 COP,Healthy America,new,Health & Beauty > Health Care > Vitamins & Supplements,suplementos
721,Bioxin® – 60 Softgels (Healthy America),Suplemento dietario en softgels para complementar tu rutina diaria.,https://naturalbe.com.co/producto/bioxin-60-softgels-healthy-america.html,https://naturalbe.com.co/static/img/healthyamerica/bioxin-60-softgels-healthy-america.jpg,in stock,77000.00 COP,Healthy America,new,Health & Beauty > Health Care > Vitamins & Supplements,antioxidantes
722,BCAA’s Matrix & Silk Amino 3000 mg – 90 Tabletas (Healthy Sports),BCAA’s y aminoácidos en tabletas para complementar tu rutina de entrenamiento.,https://naturalbe.com.co/producto/bcaa-matrix-silk-amino-3000mg-90-caplets-healthy-sports.html,https://naturalbe.com.co/static/img/healthyamerica/bcaa-matrix-3000mg-90-tabletas-healthy-sports.jpg,in stock,97001.00 COP,Healthy Sports,new,Health & Beauty > Health Care > Vitamins & Supplements,suplementos
723,L-Carnitina 1000 mg – 60 Tabletas (Healthy Sports),L-Carnitina en tabletas para complementar tu rutina de entrenamiento.,https://naturalbe.com.co/producto/l-carnitina-1000mg-60-tabletas-healthy-sports.html,https://naturalbe.com.co/static/img/healthyamerica/l-carnitina-1000mg-60-tabletas-healthy-sports.jpg,in stock,114000.00 COP,Healthy Sports,new,Health & Beauty > Health Care > Vitamins & Supplements,suplementos
724,Beta-Alanina 3200 mg – 120 Cápsulas (Healthy Sports),Beta-alanina en cápsulas para complementar rutinas de rendimiento y entrenamiento.,https://naturalbe.com.co/producto/beta-alanina-3200mg-120-capsulas-healthy-sports.html,https://naturalbe.com.co/static/img/healthyamerica/beta-alanina-3200mg-120-capsulas-healthy-sports.jpg,in stock,100001.00 COP,Healthy Sports,new,Health & Beauty > Health Care > Vitamins & Supplements,suplementos
725,Creatina Micronizada Monohidratada 300 g – 100 Servicios (Healthy Sports),Creatina monohidratada micronizada en polvo para apoyar rutinas de fuerza y rendimiento.,https://naturalbe.com.co/producto/creatina-micronizada-monohidratada-300g-healthy-sports.html,https://naturalbe.com.co/static/img/healthyamerica/creatina-micronizada-300g-healthy-sports.jpg,in stock,140000.00 COP,Healthy Sports,new,Health & Beauty > Health Care > Vitamins & Supplements,suplementos
726,BCAA’s 192 g – 15 Servicios Fruit Punch (Healthy Sports),BCAA’s en polvo sabor Fruit Punch para complementar tu entrenamiento.,https://naturalbe.com.co/producto/bcaa-192g-15-servings-fruit-punch-healthy-sports.html,https://naturalbe.com.co/static/img/healthyamerica/bcaa-192g-fruit-punch-healthy-sports.jpg,in stock,103001.00 COP,Healthy Sports,new,Health & Beauty > Health Care > Vitamins & Supplements,suplementos
727,Ultimate BCAA’s – 90 Cápsulas (30 Servicios) (Healthy Sports),BCAA’s en cápsulas para complementar tu rutina de entrenamiento y recuperación.,https://naturalbe.com.co/producto/ultimate-bcaas-90-capsulas-30-servings-healthy-sports.html,https://naturalbe.com.co/static/img/healthyamerica/ultimate-bcaas-90-capsulas-healthy-sports.jpg,in stock,95000.00 COP,Healthy Sports,new,Health & Beauty > Health Care > Vitamins & Supplements,suplementos
728,Creatina Micronizada Monohidratada 150 g – 50 Servicios (Healthy Sports),"Creatina micronizada en polvo, formato compacto para rutinas de fuerza y rendimiento.",https://naturalbe.com.co/producto/creatina-micronizada-monohidratada-150g-50-servings-healthy-sports.html,https://naturalbe.com.co/static/img/healthyamerica/creatina-micronizada-150g-healthy-sports.jpg,in stock,85001.00 COP,Healthy Sports,new,Health & Beauty > Health Care > Vitamins & Supplements,suplementos
729,L-Glutamina 6000 mg 360 g – 60 Servicios (Healthy Sports),L-Glutamina en polvo para complementar tu rutina deportiva y recuperación post-entreno.,https://naturalbe.com.co/producto/l-glutamina-6000mg-360g-60-servings-healthy-sports.html,https://naturalbe.com.co/static/img/healthyamerica/l-glutamina-360g-healthy-sports.jpg,in stock,135000.00 COP,Healthy Sports,new,Health & Beauty > Health Care > Vitamins & Supplements,suplementos
730,L-Glutamina 6000 mg 240 g – 40 Servicios (Healthy Sports),"L-Glutamina en polvo, tamaño práctico para complementar tu recuperación post-entreno.",https://naturalbe.com.co/producto/l-glutamina-6000mg-240g-40-servings-healthy-sports.html,https://naturalbe.com.co/static/img/healthyamerica/l-glutamina-240g-healthy-sports.jpg,in stock,95000.00 COP,Healthy Sports,new,Health & Beauty > Health Care > Vitamins & Supplements,suplementos
731,Barbarus 910 g Vainilla – 6 Servicios (Healthy Sports),Proteína en polvo sabor vainilla para complementar tu nutrición deportiva.,https://naturalbe.com.co/producto/barbarus-910g-vainilla-6-servings-healthy-sports.html,https://naturalbe.com.co/static/img/healthyamerica/barbarus-910g-vainilla-healthy-sports.jpg,in stock,160000.00 COP,Healthy Sports,new,Health & Beauty > Health Care > Vitamins & Supplements,suplementos
732,HMB + BCAAs – 120 Cápsulas (Healthy Sports),Fórmula deportiva con HMB y BCAA’s para complementar tu rutina de entrenamiento y recuperación.,https://naturalbe.com.co/producto/hmb-plus-bcaas-120-capsulas-healthy-sports.html,https://naturalbe.com.co/static/img/healthyamerica/hmb-plus-bcaas-120-capsulas-healthy-sports.jpg,in stock,96991.00 COP,Healthy Sports,new,Health & Beauty > Health Care > Vitamins & Supplements,suplementos
733,CLA 1500 mg – 90 Softgels (Healthy Sports),CLA en softgels para complementar tu plan deportivo y hábitos saludables.,https://naturalbe.com.co/producto/cla-1500mg-90-softgels-healthy-sports.html,https://naturalbe.com.co/static/img/healthyamerica/cla-1500mg-90-softgels-healthy-sports.jpg,in stock,103001.00 COP,Healthy Sports,new,Health & Beauty > Health Care > Vitamins & Supplements,suplementos
734,Pronitric L-Arginine 1000 mg – 60 Tabletas (Healthy Sports),L-Arginina en tabletas para complementar tu enfoque de rendimiento y entrenamiento.,https://naturalbe.com.co/producto/pronitric-l-arginine-1000mg-60-caplets-healthy-sports.html,https://naturalbe.com.co/static/img/healthyamerica/arginina-1000mg-60-tabletas-healthy-sports.jpg,in stock,92000.00 COP,Healthy Sports,new,Health & Beauty > Health Care > Vitamins & Supplements,suplementos
735,L-Glutamine 3000 mg – 120 Cápsulas (Healthy Sports),Glutamina en cápsulas para complementar tu rutina de entrenamiento y recuperación.,https://naturalbe.com.co/producto/l-glutamine-3000mg-120-capsulas-healthy-sports.html,https://naturalbe.com.co/static/img/healthyamerica/l-glutamine-3000mg-120-capsulas-healthy-sports.jpg,in stock,97001.00 COP,Healthy Sports,new,Health & Beauty > Health Care > Vitamins & Supplements,suplementos
736,Nuclear Pre-Entreno 360 g – 30 Servicios Fruit Punch (Healthy Sports),Pre-entreno en polvo para complementar tu rutina de entrenamiento con energía y enfoque.,https://naturalbe.com.co/producto/nuclear-pre-entreno-360g-30-servings-fruit-punch-healthy-sports.html,https://naturalbe.com.co/static/img/healthyamerica/nuclear-pre-entreno-360g-healthy-sports.jpg,in stock,175000.00 COP,Healthy Sports,new,Health & Beauty > Health Care > Vitamins & Supplements,suplementos
737,BCAA’s 384 g – 30 Servicios Fruit Punch (Healthy Sports),BCAA’s en polvo para complementar tu entrenamiento y recuperación post-entreno.,https://naturalbe.com.co/producto/bcaa-384g-30-servings-fruit-punch-healthy-sports.html,https://naturalbe.com.co/static/img/healthyamerica/bcaa-384g-healthy-sports.jpg,in stock,154000.00 COP,Healthy Sports,new,Health & Beauty > Health Care > Vitamins & Supplements,suplementos
738,Pronitric L-Arginine HCL 500 mg – 50 Cápsulas (Healthy Sports),L-Arginina en cápsulas para complementar tu rutina deportiva y nutrición enfocada.,https://naturalbe.com.co/producto/pronitric-l-arginine-hcl-500mg-50-capsulas-healthy-sports.html,https://naturalbe.com.co/static/img/healthyamerica/arginina-500mg-50-capsulas-healthy-sports.jpg,in stock,63999.00 COP,Healthy Sports,new,Health & Beauty > Health Care > Vitamins & Supplements,suplementos
739,Creatine Monohydrate – 120 Cápsulas (Healthy Sports),"Creatina en cápsulas para complementar rutinas de fuerza, potencia y rendimiento.",https://naturalbe.com.co/producto/creatine-monohydrate-120-capsulas-healthy-sports.html,https://naturalbe.com.co/static/img/healthyamerica/creatine-monohydrate-120-capsulas-healthy-sports.jpg,in stock,97001.00 COP,Healthy Sports,new,Health & Beauty > Health Care > Vitamins & Supplements,suplementos
740,Beephy Protein 936 g – 26 Servicios Vainilla (Healthy Sports),Proteína en polvo sabor vainilla para complementar tu nutrición deportiva diaria.,https://naturalbe.com.co/producto/beephy-protein-936g-26-servings-vainilla-healthy-sports.html,https://naturalbe.com.co/static/img/healthyamerica/beephy-protein-936g-vainilla-healthy-sports.jpg,in stock,255000.00 COP,Healthy Sports,new,Health & Beauty > Health Care > Vitamins & Supplements,suplementos
